pred,true
4.739268,6.04
4.6845193,6.38
4.668081,5.91
4.702281,5.99
4.6941895,6.08
4.69916,5.71
4.6608224,5.6
4.6079693,5.71
4.631342,5.14
4.663765,5.85
4.6434255,6.02
4.539252,5.44
4.5899606,6.18
4.679273,6.0
4.6835275,5.96
4.6140075,6.2
4.653246,5.71
4.652317,6.04
4.635219,5.92
4.7024646,5.88
4.7296395,6.38
4.6503525,5.34
4.687342,6.15
4.661363,5.85
4.738017,6.27
4.6204515,6.11
4.7706714,5.42
4.6639643,5.83
4.742469,5.85
4.6378164,5.77
4.725317,6.02
4.6901,5.98
4.7029386,5.61
4.657641,6.06
4.6558633,5.95
4.707637,5.8
4.66065,5.93
4.622476,5.71
4.615842,6.02
4.6695533,5.93
4.698114,6.06
4.6433616,5.35
4.639436,6.01
4.675417,5.94
4.6391754,6.38
4.7204995,5.96
4.644735,6.31
4.71094,5.83
4.666907,6.03
4.6114626,6.1
4.7533035,6.33
4.6849585,5.95
4.668097,5.83
4.602593,5.92
4.669802,6.15
4.6618533,6.45
4.5659146,5.17
4.5836654,6.49
4.71073,5.94
4.7108808,6.13
4.6940584,6.17
4.693973,6.66
4.6438937,5.95
4.7365227,6.31
4.7071795,6.24
4.628491,5.5
4.626986,5.98
4.613071,6.34
4.603811,6.45
4.6409955,5.45
4.606369,6.29
4.651295,5.77
4.720626,6.3
4.709725,6.51
4.6530957,5.98
4.611914,5.69
4.7027335,5.8
4.603993,5.9
4.6930175,5.8
4.7089,5.65
4.6682677,5.67
4.7289014,6.35
4.639876,5.88
4.649627,6.08
4.63628,6.02
4.650125,5.76
4.779729,5.39
4.6739736,5.96
4.6627264,6.07
4.7365136,5.77
4.59854,6.69
4.6759076,6.41
4.6790433,6.44
4.6844263,5.71
4.691002,5.96
4.684041,6.23
4.615945,5.69
4.6484437,5.87
4.621657,6.68
4.7443643,5.5
4.6197886,6.18
4.628915,6.01
4.6821036,5.98
4.66841,5.76
4.5764956,5.76
4.5948443,5.9
4.675429,5.99
4.711449,5.72
4.6212106,6.02
4.687698,5.78
4.6254725,6.0
4.7105446,5.52
4.657828,5.77
4.7460732,5.97
4.728948,6.26
4.6930203,5.92
4.711021,6.03
4.684774,5.44
4.6781096,6.52
4.6737137,6.46
4.528992,5.91
4.6554265,6.04
4.743719,6.11
4.690474,5.97
4.716272,5.49
4.7356615,6.14
4.700828,5.98
4.683611,5.62
4.6787353,5.9
4.6546836,5.5
4.7293925,5.91
4.59024,5.97
4.6628175,5.7
4.633672,5.52
4.747838,5.44
4.630293,6.02
4.5929546,6.18
4.6901984,6.05
4.650825,6.08
4.661369,6.11
4.6998324,5.48
4.6080465,6.08
4.7297883,6.02
4.669623,5.82
4.563618,6.26
4.670987,5.95
4.5762143,5.75
4.6454144,5.85
4.6785407,5.93
4.683003,6.22
4.6657195,5.15
4.5632367,5.15
4.7327485,6.42
4.611515,6.47
4.672019,6.38
4.7856593,5.89
4.585492,5.53
4.6908665,6.01
4.603539,5.4
4.5882406,6.33
4.656749,6.23
4.6908016,6.03
4.7599797,6.13
4.6955447,5.75
4.708715,5.94
4.6069355,5.42
4.596348,5.84
4.639534,6.06
4.7674747,6.21
4.591004,5.91
4.705994,6.07
4.5912023,6.35
4.6593804,5.94
4.6072807,5.56
4.736952,5.82
4.729887,5.57
4.689383,5.91
4.6616096,6.14
4.6370654,5.88
4.6273594,6.5
4.618943,6.27
4.7117643,5.77
4.691297,5.98
4.6167703,6.36
4.6496224,5.98
4.601301,5.88
4.6971655,5.79
4.6292343,6.43
4.720355,6.12
4.591104,5.88
4.6901608,6.3
4.7381806,5.92
4.662806,5.79
4.685706,6.08
4.636433,5.87
4.692206,6.04
4.756717,5.97
4.6553144,5.81
4.623211,5.79
4.708618,6.09
4.601628,5.87
4.68496,6.08
4.624647,5.99
4.722496,6.53
4.7486725,5.45
4.692785,6.03
4.6295824,5.84
4.649865,5.7
4.6355324,6.02
4.6200852,6.45
4.699743,6.0
4.6572347,6.06
4.705787,5.94
4.6482067,6.64
4.643602,5.91
4.635429,6.4
4.682401,6.04
4.636764,6.14
4.692703,5.93
4.6285443,6.02
4.7018433,5.22
4.624933,5.91
4.6198297,6.69
4.680747,5.88
4.6961775,5.91
4.69692,5.53
4.6816845,6.0
4.718654,5.89
4.627956,5.76
4.621899,5.82
4.5917344,5.49
4.6335196,5.49
4.635486,5.86
4.652101,6.49
4.606394,5.96
4.624166,5.95
4.65846,5.33
4.6043925,5.51
4.639669,6.01
4.6854053,5.6
4.5876117,5.85
4.718966,6.0
4.706688,5.86
4.6420374,6.2
4.6232405,6.17
4.7354684,5.79
4.672228,6.48
4.6706614,5.62
4.5943265,6.06
4.65721,5.81
4.5775294,6.0
4.67497,5.9
4.6743417,5.94
4.5868564,5.88
4.742769,6.19
4.621244,6.09
4.623985,6.02
4.6337323,5.76
4.6021237,6.13
4.652267,5.4
4.673802,5.85
4.7083936,6.12
4.5939183,6.13
4.728025,5.77
4.742161,5.54
4.651873,6.06
4.576859,5.7
4.758946,6.23
4.617308,6.09
4.6860523,5.61
4.6207733,6.02
4.642694,5.69
4.6698356,5.98
4.7207055,5.94
4.523397,6.45
4.643746,5.86
4.618549,5.47
4.582306,6.32
4.6990247,6.14
4.6330276,5.49
4.710426,6.52
4.6332784,5.6
4.694671,5.51
4.600285,5.7
4.6702847,6.35
4.714783,6.05
4.6520762,6.09
4.735659,5.35
4.7565007,5.95
4.636023,6.19
4.6050205,5.94
4.7469172,5.92
4.628591,5.69
4.5886607,6.01
4.7165074,6.09
4.731088,6.39
4.658877,5.64
4.6553707,5.31
4.79316,6.31
4.700046,6.06
4.715449,5.81
4.6945443,5.77
4.6818404,5.57
4.6919994,6.21
4.624643,6.1
4.6735425,6.58
4.6708813,6.1
4.7028375,6.12
4.695079,5.86
4.592067,6.02
4.6467085,6.55
4.7673593,6.28
4.6859794,6.29
4.6452193,6.54
4.6948576,6.35
4.644878,6.24
4.653,5.69
4.6171365,5.57
4.6981244,5.75
4.7455482,5.69
4.644283,6.19
4.744186,5.81
4.63388,6.14
4.687956,5.19
4.61519,6.02
4.6652226,6.05
4.6907363,5.8
4.6746006,6.68
4.6720815,5.58
4.582435,6.13
4.6375637,6.34
4.6234922,6.3
4.6551003,6.37
4.603892,5.93
4.5759945,5.61
4.6058965,5.8
4.677597,6.44
4.647068,5.91
4.69408,5.96
4.6269126,6.13
4.6272583,5.93
4.6798916,6.13
4.6674953,6.03
4.6564302,5.86
4.686207,6.16
4.708372,5.17
4.6389565,5.75
4.7015066,5.96
4.6233454,5.94
4.6119,5.87
4.7081017,5.94
4.643446,5.69
4.818643,6.08
4.708904,5.3
4.6364427,5.81
4.783711,5.99
4.698319,6.1
4.680638,5.98
4.6115117,5.78
4.7364755,6.15
4.731007,6.04
4.6930137,6.15
4.723812,5.85
4.6482406,6.01
4.652617,5.89
4.6720243,6.12
4.6802754,5.67
4.754357,5.74
4.6636753,6.55
4.6803255,6.22
4.7195425,5.79
4.5907617,6.09
4.7530766,5.89
4.6861606,6.46
4.607986,6.06
4.726759,5.78
4.7217574,6.1
4.683742,5.59
4.6804724,5.96
4.622974,6.34
4.6122556,6.05
4.654781,5.52
4.61845,6.05
4.641405,6.03
4.7532687,5.97
4.7534575,5.75
4.665314,6.34
4.6992264,5.35
4.7670107,6.04
4.7309127,5.88
4.628888,5.82
4.6442337,6.09
4.700144,6.31
4.673959,6.01
4.737486,5.98
4.5871468,5.96
4.6110196,6.05
4.710116,5.6
4.5793085,5.92
4.6864433,6.02
4.667864,6.21
4.7422,5.45
4.639993,5.88
4.6453786,5.98
4.652618,6.33
4.641193,6.3
4.650667,5.49
4.7476583,6.06
4.669455,5.79
4.6053,5.93
4.59531,5.99
4.605507,5.86
4.6011863,6.08
4.6458974,5.93
4.6199403,5.85
4.6621847,5.74
4.661158,5.95
4.712504,6.58
4.686702,5.95
4.722117,6.37
4.673538,5.77
4.518555,6.13
4.7240186,6.36
4.668245,5.84
4.600556,5.6
4.707104,5.85
4.668483,5.87
4.7196565,6.26
4.6045527,6.21
4.7153344,6.36
4.6641135,5.98
4.6000485,5.91
4.592651,5.96
4.699061,6.26
4.584786,6.09
4.6034436,5.82
4.6317186,5.86
4.64818,5.77
4.7458787,6.14
4.593839,5.61
4.6449766,6.0
4.587079,5.82
4.6645885,6.09
4.7381825,6.07
4.770099,5.91
4.7754793,5.9
4.6443005,5.99
4.6740203,6.35
4.6978106,6.01
4.6850696,5.98
4.67748,5.87
4.6641135,6.12
4.6931753,6.01
4.6572547,5.91
4.762991,5.98
4.678768,5.98
4.7134757,6.44
4.616305,5.98
4.6940093,5.94
4.675781,6.39
4.7309504,6.06
4.676965,5.87
4.6776147,5.93
4.7058883,5.95
4.6388764,5.99
4.727265,6.02
4.5713177,5.95
4.610848,5.99
4.6235948,6.1
4.6531878,5.92
4.6623874,6.18
4.6290274,5.81
4.638381,6.17
4.676542,6.16
4.7480783,5.96
4.7062345,5.73
4.659666,5.9
4.6325297,5.77
4.6778545,5.77
4.6699004,5.38
4.698444,5.98
4.761171,5.55
4.7527556,6.31
4.695821,6.22
4.676937,5.8
4.64443,6.02
4.670239,6.16
4.6333337,6.0
4.7259793,5.98
4.689978,6.09
4.673562,6.12
4.6776543,6.7
4.5922103,5.92
4.640016,6.74
4.710227,6.1
4.6460123,6.02
4.7746305,5.89
4.699287,5.93
4.68802,6.15
4.658667,5.55
4.677465,6.1
4.6857414,5.88
4.583002,5.97
4.6901455,6.13
4.7206516,5.95
4.6339087,6.14
4.6868625,6.02
4.668507,5.77
4.729418,5.87
4.7090173,6.01
4.7238164,6.46
4.719152,6.27
4.571231,5.71
4.624619,6.02
4.638257,6.21
4.7593117,6.22
4.6417723,6.05
4.703376,5.95
4.691068,5.92
4.690103,5.81
4.6687374,5.97
4.604964,6.02
4.6224794,5.5
4.593583,6.09
4.6589465,5.82
4.6251297,5.92
4.6296196,6.18
4.7065706,5.97
4.634563,5.97
4.7417617,6.26
4.744471,5.95
4.6133347,6.04
4.634911,5.98
4.7269564,6.52
4.6110225,6.23
4.7632723,6.15
4.6317296,6.31
4.7294955,5.55
4.679562,5.97
4.6492534,5.69
4.6594195,5.95
4.6488023,5.15
4.678335,5.49
4.597813,5.95
4.6416245,5.5
4.5885406,5.52
4.5835595,6.35
4.717546,6.7
4.664272,5.99
4.7566094,5.87
4.6801286,5.85
4.7425494,5.92
4.6221066,6.21
4.629921,6.65
4.7197638,6.1
4.6300035,6.0
4.61643,5.92
4.6184716,5.86
4.6803527,5.77
4.7654443,5.89
4.612501,6.03
4.6227126,6.05
4.627817,5.79
4.5971565,5.96
4.6237426,6.14
4.693165,5.96
4.653699,5.84
4.6458673,5.69
4.7577195,6.38
4.7237954,5.85
4.743834,5.86
4.7366343,5.91
4.70317,5.77
4.6696014,6.16
4.5842338,5.78
4.5605326,6.05
4.728932,5.65
4.591992,5.54
4.5886755,6.68
4.70973,5.71
4.559261,5.76
4.631596,5.96
4.69336,5.79
4.605249,5.99
4.750471,6.37
4.6548276,6.03
4.6516685,6.14
4.7224736,6.26
4.562699,6.71
4.6434407,5.61
4.57658,6.08
4.6925616,6.34
4.6963663,5.89
4.7047014,5.87
4.670982,6.59
4.711857,5.78
4.6448517,5.72
4.736804,5.5
4.7375607,5.77
4.6708484,5.77
4.6666636,6.5
4.6902685,5.6
4.700003,5.93
4.7080307,6.54
4.6056867,6.31
4.7088346,5.49
4.6735725,5.52
4.6888733,6.32
4.5937347,5.53
4.6457176,6.04
4.624247,6.01
4.7494736,5.88
4.6246276,6.04
4.7123747,5.44
4.64847,5.71
4.609887,6.44
4.672289,5.91
4.650118,5.82
4.7436905,5.78
4.6781583,6.0
4.693168,5.95
4.677196,5.45
4.6486287,6.14
4.635765,6.0
4.606484,6.0
4.6425724,5.86
4.6333685,5.79
4.6234484,5.98
4.613424,6.17
4.710175,5.49
4.6484246,5.98
4.6794505,5.47
4.713949,6.19
4.679428,5.8
4.734509,6.27
4.6396403,5.77
4.7139554,6.5
4.5906816,5.68
4.696453,5.93
4.6787267,5.85
4.577086,5.96
4.652494,6.37
4.574663,6.51
4.7418833,6.15
4.6101046,6.02
4.6255918,5.48
4.6683073,6.43
4.5814624,5.99
4.668231,6.07
4.6389847,6.12
4.641628,5.51
4.6765327,6.14
4.5859036,6.49
4.750971,5.93
4.6514277,5.95
4.636042,6.16
4.684036,5.59
4.6402826,6.44
4.6213365,5.92
4.567106,6.0
4.5751343,6.09
4.5945535,6.08
4.725612,6.13
4.6202354,6.09
4.7012534,6.28
4.6887093,6.63
4.6421466,5.69
4.726597,5.83
4.6782994,6.22
4.6326,5.84
4.6702876,5.6
4.656271,6.04
4.6853676,6.02
4.604424,6.22
4.604249,5.49
4.641238,5.85
4.751365,6.08
4.712021,6.35
4.695208,6.12
4.697787,5.79
4.7096725,6.2
4.6510572,6.72
4.6640377,5.45
4.573573,5.78
4.5987782,5.77
4.74281,6.41
4.6090474,6.05
4.6249967,5.94
4.633447,5.74
4.696825,6.15
4.653562,5.77
4.65869,5.85
4.673078,5.75
4.643698,5.84
4.6769996,6.01
4.74696,5.7
4.594689,6.1
4.682424,6.37
4.5695295,5.84
4.622785,5.93
4.6678295,6.21
4.661356,5.74
4.6958613,6.05
4.611286,5.55
4.670525,5.93
4.637774,5.45
4.737728,5.71
4.633618,6.05
4.644672,6.09
4.7036676,5.19
4.68465,5.49
4.6498613,5.93
4.6924233,6.14
4.6872735,6.08
4.711875,5.84
4.5993843,6.11
4.715013,5.94
4.6990433,6.58
4.6218104,6.08
4.6524487,6.45
4.6791244,6.56
4.703611,6.48
4.6079793,6.02
4.6712804,6.05
4.585413,5.15
4.601518,6.04
4.7047496,5.78
4.674738,5.47
4.774429,5.82
4.55803,5.98
4.6933007,6.15
4.6560783,5.55
4.63784,6.34
4.6730504,5.82
4.7397075,6.02
4.6409535,5.65
4.6727247,6.37
4.658299,6.24
4.6386623,5.7
4.579372,5.84
4.632892,6.1
4.6432033,5.82
4.6563573,6.01
4.6463685,5.69
4.7012362,5.43
4.752351,6.27
4.678147,6.14
4.5591674,5.52
4.6085663,5.87
4.684998,5.6
4.6605897,6.05
4.639445,6.07
4.6158295,6.36
4.606865,6.57
4.675528,6.03
4.70134,5.59
4.668702,5.95
4.7021003,5.91
4.728926,6.03
4.662119,5.97
4.581597,5.96
4.6673007,6.14
4.662747,5.75
4.592984,6.08
4.692729,5.85
4.713555,6.35
4.6125073,6.08
4.64461,5.78
4.687685,6.41
4.6519947,6.68
4.631487,6.29
4.6610246,6.15
4.684028,5.88
4.614116,6.09
4.6785674,6.05
4.7712073,5.49
4.5786757,6.09
4.6432414,6.16
4.6878977,6.1
4.6732635,5.52
4.642099,5.86
4.608174,5.93
4.6454597,6.09
4.738399,6.12
4.668736,5.93
4.688734,5.45
4.6261086,6.1
4.6448827,5.85
4.5920577,6.0
4.591014,5.83
4.7310743,5.77
4.7219453,6.25
4.6152015,5.95
4.650738,6.36
4.6443067,6.03
4.68629,6.08
4.6412673,5.87
4.684644,5.82
4.6451893,6.04
4.63456,6.26
4.7278304,5.87
4.619101,5.51
4.675453,5.6
4.701426,5.92
4.6224675,5.78
4.613704,6.24
4.7168126,6.0
4.683257,6.22
4.5978894,5.36
4.6117024,5.85
4.672144,5.7
4.71707,5.76
4.783538,5.95
4.6477056,5.67
4.737712,5.69
4.651668,5.8
4.640299,6.34
4.582308,6.04
4.7567177,6.61
4.679997,5.68
4.6503034,6.18
4.690817,5.83
4.6240115,6.17
4.5970244,6.46
4.693428,6.23
4.6113153,6.03
4.6833625,5.99
4.6222157,6.53
4.6775913,6.06
4.6685205,6.15
4.608898,5.87
4.6943197,6.16
4.74121,6.36
4.697432,6.33
4.690817,6.21
4.694855,6.0
4.571465,6.46
4.72899,6.1
4.741907,5.94
4.6460924,6.09
4.6806693,5.77
4.7472696,5.82
4.6109567,6.02
4.72992,6.0
4.6090493,6.43
4.662951,5.36
4.6206985,6.62
4.6392026,5.99
4.64119,5.56
4.657736,5.94
4.6587563,6.1
4.577061,6.5
4.709279,6.13
4.6516333,6.2
4.696343,5.58
4.6151605,6.05
4.660647,5.89
4.65597,6.01
4.6975064,6.25
4.632664,6.12
4.640151,5.86
4.6720247,5.61
4.634587,5.71
4.767432,6.26
4.62512,5.73
4.600497,5.96
4.648874,5.94
4.586119,6.5
4.5312915,6.04
4.6629524,6.05
4.5962234,5.69
4.633389,6.25
4.6864367,5.85
4.664873,5.77
4.63583,5.82
4.625667,6.0
4.6842046,5.89
4.694533,6.02
4.757411,6.03
4.7257304,5.94
4.6577497,6.07
4.6045446,6.39
4.68541,5.44
4.673885,6.54
4.704249,6.15
4.6170278,5.89
4.680014,5.7
4.6812506,6.06
4.6781707,6.02
4.6799355,6.59
4.765067,6.26
4.7232976,5.87
4.7038856,5.99
4.67544,6.06
4.653239,6.24
4.6862187,5.35
4.705279,5.92
4.5925913,6.16
4.657576,5.88
4.6677837,6.43
4.750676,5.95
4.6136627,6.17
4.620987,5.36
4.619468,5.77
4.726121,5.7
4.6992283,5.94
4.5847564,5.81
4.577913,5.8
4.6686172,6.13
4.5824466,6.2
4.6078,5.91
4.6306653,5.84
4.6829057,6.05
4.68346,5.48
4.6816206,5.3
4.6432343,6.0
4.746114,6.11
4.705443,5.53
4.680885,6.51
4.7290163,6.05
4.6310387,5.55
4.5539856,5.88
4.6785665,5.98
4.7088275,6.29
4.6208277,6.02
4.7080026,5.98
4.650566,6.19
4.749551,6.32
4.713346,6.7
4.6915383,5.94
4.613251,5.78
4.695719,5.95
4.6800995,5.81
4.6340027,6.02
4.668546,6.38
4.686271,5.78
4.676689,5.69
4.6576343,6.26
4.6862655,6.0
4.6598535,6.46
4.6735435,6.34
4.567555,5.54
4.624514,5.38
4.625964,5.63
4.6883235,6.4
4.703971,5.71
4.679519,6.0
4.618281,5.95
4.680264,6.34
4.6042786,6.03
4.742439,6.0
4.6992707,5.97
4.569892,6.0
4.724377,5.76
4.546127,6.05
4.659408,5.36
4.5852475,5.82
4.6491804,6.18
4.68983,5.73
4.690969,6.21
4.6247115,6.2
4.6201077,6.02
4.7777243,6.19
4.671635,6.11
4.701121,6.23
4.5736656,5.85
4.6886854,6.14
4.717873,6.22
4.6901994,5.34
4.686612,5.79
4.690426,5.93
4.629294,5.82
4.7093363,6.47
4.65113,5.62
4.7431207,5.85
4.625221,5.91
4.5949364,5.94
4.694076,6.0
4.6782556,6.02
4.621749,5.85
4.610497,5.5
4.5944767,6.1
4.6601443,6.28
4.689222,6.55
4.655904,5.96
4.6265674,5.84
4.690331,5.71
4.65586,6.54
4.63742,6.41
4.699858,6.1
4.674468,6.29
4.628887,5.45
4.6189723,6.6
4.5962086,6.02
4.750478,5.77
4.624033,5.82
4.6266446,5.85
4.730591,5.96
4.6078773,5.85
4.6646366,5.57
4.6593485,6.1
4.5993786,6.03
4.6498137,5.54
4.663962,5.8
4.6675396,6.47
4.601749,6.04
4.724058,6.3
4.685312,5.69
4.691397,5.72
4.7401443,6.13
4.6655326,5.91
4.6616955,5.92
4.804336,5.85
4.629562,6.18
4.7030635,5.85
4.672937,6.24
4.7514772,5.62
4.619648,5.83
4.6389103,5.99
4.6056485,5.83
4.619303,5.86
4.5833797,5.93
4.7346306,5.69
4.6604943,5.5
4.7232804,6.01
4.76377,6.27
4.6296635,5.77
4.603093,5.94
4.698208,5.77
4.7340965,5.44
4.5849566,6.0
4.7364817,6.36
4.6296983,6.54
4.6369286,5.94
4.6644406,5.39
4.7565923,6.0
4.6626296,6.32
4.61887,5.86
4.7688117,6.3
4.56936,5.5
4.590269,5.67
4.7124257,5.94
4.66956,5.47
4.5528703,6.03
4.6067643,6.35
4.6324835,5.46
4.713281,5.93
4.5538573,5.36
4.7295313,5.95
4.6458397,5.85
4.6040235,5.43
4.721545,5.94
4.660591,5.52
4.6497397,5.96
4.650823,5.69
4.5940666,6.07
4.6921597,5.61
4.686968,6.1
4.6587415,6.06
4.714096,5.67
4.60232,5.7
4.627273,5.35
4.6257043,5.97
4.7128053,6.03
4.6585155,5.69
4.6497493,5.5
4.635857,6.0
4.607803,6.02
4.6944594,5.86
4.583977,6.18
4.564233,6.06
4.6138444,6.02
4.6847534,5.18
4.6521792,6.0
4.6422157,6.1
4.5987945,6.59
4.656629,5.82
4.6566806,6.03
4.6587067,5.77
4.732828,5.93
4.5800023,5.65
4.742967,6.03
4.70991,5.86
4.565061,6.26
4.6029887,5.6
4.6344104,5.5
4.680821,5.94
4.6845875,5.87
4.6510735,6.54
4.6891074,6.2
4.5740867,5.69
4.594885,5.95
4.686873,6.05
4.686288,5.45
4.7121716,5.87
4.618787,6.01
4.668506,5.69
4.689256,6.08
4.7677875,6.67
4.6937313,5.72
4.7036424,5.82
4.7022614,6.02
4.643631,5.85
4.596368,5.83
4.6625857,5.86
4.5933695,5.93
4.7244744,5.85
4.6949096,5.89
4.713701,5.95
4.65077,5.79
4.640153,5.85
4.641864,6.0
4.726848,5.49
4.6318097,5.74
4.6617703,5.76
4.6480184,6.06
4.593334,5.83
4.6839633,5.93
4.694756,5.81
4.656312,6.29
4.6742992,6.28
4.6962676,5.85
4.703377,6.24
4.5457935,5.69
4.682648,6.26
4.681457,6.07
4.761231,5.74
4.686737,5.35
4.6301475,6.02
4.670326,5.31
4.7008033,5.87
4.656354,5.71
4.625019,6.09
4.586079,6.37
4.676228,6.01
4.646707,6.1
4.6862726,6.35
4.6425214,6.1
4.6478086,5.7
4.58713,6.37
4.6055408,5.96
4.6100683,6.18
4.701203,5.79
4.5560584,5.89
4.646259,6.0
4.6078677,6.17
4.588062,6.28
4.7373753,5.83
4.707643,6.04
4.65891,5.33
4.5960426,6.02
4.693273,5.54
4.651817,5.86
4.7379932,6.61
4.6534963,6.16
4.6197405,5.94
4.6929774,6.49
4.6782312,6.02
4.645513,6.31
4.651175,6.35
4.644368,6.13
4.6255126,6.12
4.6437006,5.97
4.6419673,6.02
4.6162086,5.72
4.6079607,5.6
4.730205,6.01
4.7587543,6.11
4.7014346,5.96
4.636026,6.01
4.577924,5.99
4.644591,5.83
4.687555,5.89
4.7708297,5.94
4.6649303,6.06
4.625812,6.38
4.60805,5.77
4.552971,5.8
4.6588464,6.43
4.6373925,5.62
4.5883007,5.45
4.7319407,5.92
4.6013775,6.29
4.5974693,5.77
4.686583,5.77
4.739425,6.26
4.596037,6.19
4.6382375,6.06
4.5587378,5.64
4.7204795,6.01
4.6379395,6.26
4.6954317,6.1
4.779536,6.02
4.636677,6.43
4.686572,5.93
4.557787,5.95
4.6369348,5.36
4.706944,5.96
4.624877,5.57
4.6431975,6.34
4.6356997,5.91
4.677832,5.88
4.7426476,6.44
4.6411104,5.95
4.6598153,6.21
4.645848,5.56
4.6075664,6.05
4.77107,6.48
4.652776,5.95
4.634288,6.37
4.716862,6.18
4.6719146,5.89
4.693505,6.07
4.675929,5.49
4.669616,5.44
4.632665,6.1
4.751689,5.7
4.613446,5.53
4.5961757,5.81
4.654941,5.58
4.624721,6.01
4.6389074,6.14
4.6879134,6.34
4.6607394,5.96
4.697722,6.34
4.6973753,6.51
4.7052383,5.36
4.6029406,6.11
4.652563,6.58
4.6592383,5.85
4.6535025,5.56
4.648969,5.62
4.7000566,6.01
4.735248,6.17
4.5701876,6.69
4.724258,5.86
4.692473,6.02
4.6413436,5.84
4.6409435,6.02
4.651132,6.37
4.6357737,6.06
4.6135397,6.18
4.6562686,5.92
4.65731,6.5
4.7223,5.91
4.5980487,5.99
4.624124,6.46
4.6706605,5.87
4.627047,6.56
4.6172132,5.5
4.6786323,6.04
4.677883,5.91
4.663346,6.54
4.700842,5.88
4.611353,6.66
4.624276,5.65
4.710552,6.01
4.6124907,5.71
4.6603937,5.9
4.7345114,5.83
4.639717,5.48
4.659745,6.02
4.665931,6.09
4.6842904,5.43
4.6389656,6.03
4.6484313,5.8
4.6239038,5.97
4.7494755,6.0
4.61373,5.39
4.6511064,6.0
4.65128,5.73
4.5986886,6.56
4.653444,5.79
4.6475244,6.16
4.5721917,5.44
4.664118,6.1
4.6510153,6.1
4.607522,6.35
4.7177243,6.08
4.623567,6.42
4.7685213,6.23
4.635105,5.32
4.615915,5.81
4.6760144,6.06
4.6430163,5.77
4.6578,6.35
4.6185837,5.9
4.6479545,6.03
4.7016797,6.2
4.694523,5.91
4.6588883,6.3
4.656125,6.04
4.649016,6.28
4.5726295,5.98
4.691613,5.63
4.749445,6.07
4.676633,6.49
4.7397895,5.73
4.652644,6.1
4.750403,5.91
4.662116,5.93
4.675717,6.57
4.6340346,5.96
4.717642,6.01
4.6439595,6.43
4.6220627,5.3
4.690517,6.06
4.613101,5.35
4.624822,5.7
4.6589465,5.95
4.6840262,6.32
4.7079344,6.57
4.7447686,6.0
4.547486,5.87
4.6760902,5.89
4.6528387,6.27
4.707929,6.02
4.6653147,5.94
4.703872,6.38
4.720709,6.49
4.592629,5.67
4.6782746,5.89
4.6532016,6.06
4.6252904,5.47
4.7189326,5.77
4.5541263,5.69
4.6545463,6.41
4.6360407,5.98
4.7308764,5.97
4.6791286,5.95
4.702746,5.92
4.644405,6.03
4.67757,6.3
4.6855364,5.73
4.737591,5.51
4.713821,6.28
4.71782,6.13
4.6970162,6.07
4.769795,6.3
4.6608615,5.41
4.630338,5.58
4.6804338,6.04
4.607768,5.63
4.6005883,6.07
4.633514,6.11
4.648974,6.0
4.7047935,5.93
4.683088,6.03
4.689299,5.91
4.5584636,6.04
4.707672,6.31
4.6684413,5.95
4.675857,5.94
4.632431,5.8
4.7268863,6.36
4.663467,6.21
4.6443934,6.09
4.6209846,5.95
4.6133122,5.54
4.6031985,5.85
4.6902933,5.73
4.7503815,6.27
4.613604,5.9
4.7099347,5.73
4.697429,5.46
4.5858164,5.89
4.6778235,5.38
4.60838,6.04
4.680259,6.02
4.7095695,6.03
4.6643972,6.51
4.6379075,6.07
4.6568174,5.95
4.627607,6.03
4.658194,5.81
4.6909113,6.37
4.640271,6.04
4.716862,5.96
4.56785,6.02
4.6750636,5.94
4.621122,5.8
4.6220474,6.05
4.7230306,5.69
4.655928,6.14
4.7214317,5.96
4.6004095,5.96
4.727818,5.95
4.7051163,5.78
4.740679,5.72
4.668777,5.75
4.5682554,5.79
4.700165,6.2
4.663697,5.64
4.65688,5.5
4.6871467,5.73
4.742552,6.38
4.7091823,6.47
4.6912985,6.19
4.617205,5.69
4.668981,5.97
4.6200976,6.03
4.6118035,5.41
4.6061006,5.98
4.610447,6.21
4.7096057,5.98
4.5943394,6.2
4.614088,5.62
4.6376305,6.45
4.664108,6.25
4.750388,6.16
4.7264113,5.5
4.655007,6.07
4.6287513,5.81
4.6608357,5.4
4.6647735,6.4
4.715644,5.8
4.7557125,5.67
4.7053857,6.33
4.804002,5.57
4.646042,6.43
4.5821276,5.66
4.618429,5.94
4.7490735,6.13
4.719378,5.98
4.619825,6.11
4.7385993,5.95
4.7013035,5.79
4.6451964,5.89
4.6724324,5.99
4.7377067,6.33
4.710998,5.66
4.6358247,5.96
4.6098604,6.14
4.659817,5.82
4.654451,5.57
4.6611295,5.97
4.6355658,5.68
4.5909758,5.81
4.7249017,5.79
4.6964855,6.17
4.639051,5.89
4.7402782,6.13
4.62918,6.47
4.665806,6.31
4.627821,5.94
4.6181874,6.35
4.7275352,6.09
4.747353,6.15
4.640696,5.96
4.745544,6.09
4.6446958,5.71
4.750762,6.13
4.698016,5.79
4.7322106,5.3
4.6257687,5.99
4.7373796,5.96
4.7070384,5.89
4.669021,5.98
4.6757107,5.59
4.6906023,5.59
4.7249355,6.08
4.5756016,6.0
4.593259,5.91
4.6611605,6.5
4.5177436,5.85
4.6784005,5.97
4.608887,6.4
4.6485023,6.05
4.6645713,6.02
4.635557,6.22
4.7060933,5.94
4.6961064,5.86
4.6829505,5.88
4.6050005,6.28
4.644343,5.7
4.6403527,5.54
4.715251,6.53
4.7217937,6.23
4.6806645,6.1
4.7132607,6.02
4.659366,5.87
4.676678,6.02
4.580527,6.03
4.6157517,6.24
4.563934,6.25
4.5323424,5.49
4.6335616,6.35
4.620513,6.13
4.5756106,6.01
4.6725793,6.45
4.6643095,6.21
4.7660975,6.35
4.6404204,5.87
4.6176467,6.06
4.635517,6.27
4.598198,5.65
4.614248,6.04
4.5884423,6.11
4.65395,5.93
4.762491,6.03
4.667528,6.17
4.68675,5.51
4.647349,5.92
4.667419,6.38
4.6698093,5.75
4.681773,6.72
4.594915,5.78
4.624935,6.13
4.668062,5.48
4.6702085,6.38
4.731317,6.39
4.718729,5.83
4.667446,5.99
4.73575,6.18
4.708769,5.78
4.7478104,6.07
4.788305,6.03
4.6430984,6.17
4.658772,5.83
4.5910726,5.95
4.700445,6.11
4.7093554,6.21
4.7509785,5.79
4.5767226,5.91
4.666866,5.91
4.6577497,6.03
4.673818,5.86
4.691385,6.24
4.6094575,6.15
4.715613,6.62
4.672072,5.97
4.6943483,5.54
4.7268047,5.9
4.7452774,6.1
4.7542353,5.73
4.564732,5.81
4.6977115,6.38
4.5615845,5.7
4.725435,5.86
4.615102,5.7
4.6777387,5.95
4.5752563,6.6
4.71655,5.73
4.693247,6.04
4.7033224,6.51
4.6395316,5.62
4.6518884,6.46
4.65128,6.01
4.7232866,6.21
4.7021165,6.03
4.692242,6.54
4.7211275,6.14
4.726434,5.93
4.686742,5.9
4.6522336,5.46
4.7557497,6.23
4.6472387,6.24
4.63595,5.53
4.632405,5.75
4.6531186,5.93
4.6310306,6.39
4.615826,6.1
4.705035,5.85
4.6619096,5.81
4.6747074,5.92
4.7139792,5.77
4.6566596,5.93
4.7673545,5.47
4.550097,6.06
4.675479,5.69
4.7333503,6.28
4.6738815,6.07
4.699383,5.44
4.6525264,5.49
4.6442947,5.16
4.5874853,5.57
4.630932,6.05
4.5900736,6.07
4.627934,5.92
4.6653385,5.97
4.6968026,6.15
4.718777,5.69
4.6415114,5.76
4.6012583,6.28
4.7160096,5.56
4.6035275,6.32
4.5943675,5.9
4.5941286,5.95
4.716416,6.26
4.654082,6.49
4.6845365,5.82
4.694175,5.52
4.7122717,5.85
4.5998116,6.03
4.6883507,6.1
4.7500443,5.52
4.617018,5.78
4.678861,6.1
4.56595,5.98
4.717569,5.67
4.7004037,6.33
4.706532,5.57
4.6692786,5.6
4.667176,5.5
4.666541,6.03
4.5835457,5.86
4.685862,6.02
4.648345,5.41
4.635978,5.95
4.6909966,5.93
4.6824446,5.95
4.6486573,6.1
4.6306567,5.75
4.723803,5.69
4.6446443,5.67
4.597418,6.23
4.685802,6.11
4.7072096,5.79
4.5660567,5.83
4.731249,5.81
4.6408186,5.6
4.6853466,6.19
4.7120075,6.14
4.746607,6.18
4.5172386,5.97
4.6243386,5.85
4.6835275,5.82
4.6864624,5.96
4.618493,5.51
4.7201834,5.5
4.669778,6.65
4.621877,6.1
4.584466,6.69
4.6292763,5.98
4.754013,5.83
4.709921,6.24
4.7424273,6.1
4.7069206,5.79
4.627216,5.97
4.6117454,6.58
4.651654,6.03
4.688729,6.13
4.6568336,5.93
4.6521134,5.66
4.7189407,6.06
4.6457324,5.78
4.7233562,6.0
4.6810617,5.6
4.567383,5.64
4.652633,5.7
4.6657863,5.83
4.6337967,6.0
4.742531,6.14
4.618863,6.26
4.6635556,5.73
4.6408668,6.19
4.6425486,6.34
4.598601,6.19
4.645258,5.74
4.698084,5.79
4.5854297,6.17
4.63176,6.36
4.684771,5.92
4.7152143,6.06
4.669169,6.28
4.6117125,5.17
4.776517,5.85
4.6017995,6.23
4.6511183,5.7
4.5879054,5.79
4.604245,6.18
4.6183066,5.77
4.768363,5.3
4.6924577,6.18
4.6654544,5.97
4.642386,6.28
4.68623,6.25
4.744288,6.18
4.644127,5.37
4.6951537,6.09
4.6593695,5.96
4.717087,6.07
4.6509614,6.4
4.6075397,5.83
4.6531615,5.97
4.678222,6.01
4.6222186,6.08
4.6822376,5.84
4.6876554,5.68
4.7346854,5.78
4.5674253,6.12
4.684104,5.8
4.645827,6.13
4.597708,6.02
4.631427,5.95
4.6963787,5.58
4.681286,5.5
4.745107,6.01
4.6987557,6.22
4.661653,6.04
4.6700006,5.89
4.635957,6.15
4.720065,6.58
4.816468,6.34
4.7425056,5.68
4.6248775,5.93
4.71265,5.96
4.6222954,6.35
4.6265616,5.97
4.7071037,6.31
4.6865706,6.21
4.7346973,6.06
4.703632,6.05
4.63796,6.11
4.585159,6.0
4.6098723,5.9
4.6980767,6.05
4.620426,6.04
4.687693,5.62
4.6660967,5.52
4.700754,6.39
4.6344595,6.53
4.629695,6.37
4.6650467,6.11
4.658553,5.98
4.6189218,6.1
4.6525807,5.58
4.6191936,6.02
4.5629826,5.77
4.604318,5.5
4.602202,5.81
4.721735,5.94
4.597006,5.33
4.6421657,6.12
4.7058034,5.68
4.7144327,5.68
4.6432796,5.5
4.687461,6.06
4.6287413,5.97
4.6639833,5.86
4.736319,5.96
4.6627917,6.17
4.673841,5.94
4.65811,5.93
4.704556,6.52
4.638307,5.44
4.6513405,5.76
4.5652637,5.52
4.620969,5.84
4.699056,5.84
4.6298676,5.77
4.557913,5.63
4.678741,6.06
4.691439,5.91
4.6913424,6.25
4.6858435,6.15
4.66597,5.83
4.674892,6.18
4.6417785,6.02
4.639482,6.53
4.6544366,6.15
4.729772,5.85
4.6966863,5.93
4.646463,6.17
4.645847,6.39
4.695176,6.45
4.6576715,5.93
4.63913,5.99
4.7293687,5.77
4.735064,6.42
4.7005916,6.07
4.6864915,6.01
4.704433,6.1
4.6985817,6.42
4.611587,5.99
4.615014,6.2
4.611736,5.48
4.7052937,6.18
4.609409,5.49
4.7137733,5.89
4.6541557,6.38
4.6954503,5.96
4.5759954,6.05
4.6771746,6.34
4.5316844,5.9
4.651123,6.21
4.6351,5.5
4.6506686,6.28
4.804164,6.69
4.6562595,5.82
4.698179,5.85
4.6349955,5.38
4.6606274,5.8
4.649343,6.2
4.6605887,5.57
4.6986127,5.96
4.6543455,6.05
4.6779184,5.79
4.547171,6.51
4.7053714,5.6
4.6501555,5.75
4.752994,5.52
4.6642785,6.21
4.7156005,5.74
4.6632338,6.39
4.714524,6.36
4.740227,5.94
4.6381307,5.72
4.6967144,6.11
4.611734,6.02
4.6961985,5.96
4.641827,5.78
4.6846666,5.32
4.630939,6.42
4.6955514,6.36
4.7390904,5.47
4.558344,5.98
4.698109,6.24
4.6259933,6.1
4.7067037,6.09
4.6679482,6.57
4.670026,6.0
4.655671,6.11
4.739672,5.6
4.6380944,6.02
4.663879,5.18
4.699572,5.96
4.65288,6.02
4.601128,6.0
4.6566596,5.85
4.653332,5.97
4.775386,5.48
4.5940695,6.11
4.6587834,6.09
4.6951704,5.96
4.637118,5.89
4.646449,5.93
4.704951,6.26
4.6841283,6.15
4.6918006,6.2
4.7241874,5.85
4.7485743,5.93
4.702809,6.55
4.7116165,5.86
4.65707,5.78
4.6492014,6.0
4.6879444,6.03
4.740961,5.99
4.6954694,5.57
4.714163,6.08
4.5567245,5.58
4.630691,5.98
4.7004013,6.02
4.7097774,5.78
4.6806197,6.33
4.7016225,6.03
4.6335206,5.86
4.6367407,5.92
4.6458807,6.31
4.6627507,5.91
4.674093,6.23
4.6301823,5.44
4.5832286,6.13
4.6430874,5.93
4.6363378,5.7
4.673804,5.99
4.637515,5.96
4.6785502,6.0
4.6287813,6.23
4.6565576,6.45
4.6318564,6.74
4.6950955,5.71
4.6349893,6.31
4.7183824,5.78
4.657283,5.85
4.6330814,5.97
4.6260667,5.41
4.6689982,6.0
4.7179103,5.82
4.6623683,6.25
4.6969314,5.82
4.6070433,5.93
4.664986,6.03
4.6070085,5.97
4.6876025,5.94
4.745993,6.02
4.551665,5.57
4.6779356,6.31
4.7214165,6.03
4.693974,5.26
4.6985693,6.49
4.589778,6.06
4.810189,6.08
4.5846157,6.26
4.7528067,5.84
4.6770597,5.7
4.691951,6.42
4.6433034,5.61
4.616597,5.85
4.560756,5.93
4.5318875,5.73
4.6984057,6.12
4.624722,5.79
4.7486,6.19
4.6036773,6.48
4.6627903,5.97
4.66937,5.86
4.624958,5.52
4.5796113,6.09
4.7504206,6.28
4.718224,5.96
4.7024717,5.79
4.666335,5.68
4.6433063,6.32
4.6761703,5.77
4.6596966,6.05
4.608217,6.25
4.660334,5.93
4.633394,6.38
4.6038237,6.22
4.644157,5.72
4.6724033,5.98
4.6172557,6.37
4.651611,6.09
4.6289544,5.83
4.6740146,5.86
4.577731,5.96
4.7146425,6.68
4.6453094,6.14
4.7068076,5.97
4.654823,5.69
4.614755,6.09
4.562263,5.54
4.714064,5.96
4.7085624,5.48
4.6265817,6.03
4.6870565,6.07
4.6635346,5.87
4.648399,5.99
4.6268473,5.79
4.6313615,6.28
4.705897,5.96
4.6439233,6.45
4.6241612,5.97
4.628575,5.81
4.6740336,5.86
4.6261506,6.04
4.6586223,5.96
4.683204,5.68
4.606492,6.27
4.5700183,6.04
4.7123547,6.11
4.647871,5.82
4.595166,6.13
4.715753,6.68
4.692599,5.9
4.7396045,6.64
4.7005954,6.21
4.6025157,5.95
4.650581,6.59
4.6485624,6.44
4.6102953,5.9
4.6639733,6.52
4.640382,6.4
4.6345067,6.26
4.707144,5.44
4.697028,6.42
4.634676,5.95
4.6698194,5.98
4.65596,6.05
4.7282953,6.52
4.65789,6.13
4.7098584,6.07
4.6775885,5.52
4.8051977,5.67
4.680406,5.45
4.690146,5.95
4.6342897,5.94
4.704612,5.76
4.6104307,6.28
4.628249,6.15
4.7868633,5.89
4.71283,5.96
4.655154,6.06
4.610555,5.7
4.6109834,6.08
4.679785,5.86
4.641495,6.2
4.6134944,5.97
4.703677,6.08
4.602387,5.7
4.7312045,5.99
4.7148504,5.81
4.7019715,5.99
4.7048974,6.28
4.6807375,5.94
4.7272773,6.02
4.6100626,6.63
4.6465626,5.7
4.6664457,5.96
4.6801286,5.57
4.681291,6.39
4.6833463,6.01
4.6147532,5.79
4.6819973,5.61
4.7517276,6.28
4.698748,5.99
4.621424,5.85
4.6967263,5.64
4.6657395,6.1
4.6706386,6.06
4.6173177,6.47
4.737448,6.27
4.643482,5.5
4.705661,5.93
4.6426044,5.99
4.581086,5.94
4.688877,6.23
4.7097516,6.25
4.726157,5.95
4.595953,5.87
4.619274,5.84
4.6790376,5.96
4.793778,6.04
4.6465144,5.99
4.640033,6.22
4.723981,5.38
4.6826262,6.51
4.6878033,5.99
4.6743464,5.94
4.653832,5.98
4.6837,5.48
4.610568,6.46
4.7410045,5.49
4.683462,6.33
4.6414723,5.96
4.6394906,5.92
4.6554146,5.68
4.703831,6.08
4.6780972,6.28
4.7235165,6.21
4.675424,5.94
4.612735,5.52
4.6215796,6.43
4.7684174,6.33
4.666629,5.99
4.5944858,6.11
4.7292557,5.39
4.7949224,5.79
4.7670903,5.91
4.6785293,6.43
4.6240563,5.6
4.6243196,6.05
4.663444,6.53
4.684282,6.11
4.726742,6.07
4.7096815,5.97
4.6231956,5.84
4.7567406,6.54
4.716327,6.12
4.6823506,6.02
4.6928377,6.13
4.7160716,6.11
4.6857815,5.93
4.7572136,6.02
4.6540074,5.91
4.7734327,6.08
4.6920514,5.84
4.6462636,5.69
4.6500273,6.47
4.719375,6.31
4.677547,5.5
4.668699,5.84
4.6291504,6.04
4.6712785,5.55
4.650165,5.86
4.729962,6.15
4.7102747,5.46
4.7233143,5.98
4.6566606,6.01
4.6882305,6.07
4.652119,5.44
4.715814,5.77
4.5936546,5.59
4.6619315,6.35
4.747665,6.03
4.679551,6.1
4.684942,5.77
4.7307534,5.71
4.5709605,6.08
4.5863194,6.08
4.6579514,6.44
4.6647973,5.74
4.635138,5.99
4.670055,5.96
4.6521897,6.32
4.607678,6.24
4.7306285,5.84
4.639692,6.35
4.6399236,5.5
4.566937,6.03
4.643245,5.5
4.697335,5.23
4.672241,5.36
4.6255627,5.69
4.6809025,5.43
4.592154,5.81
4.6339135,5.81
4.6288776,6.02
4.629849,6.02
4.6546154,6.08
4.694329,5.53
4.6384788,5.85
4.6765175,6.5
4.7079215,5.98
4.648333,5.93
4.5922666,6.15
4.70114,5.76
4.6082606,5.84
4.702344,5.7
4.766443,5.67
4.6589313,6.04
4.6404486,6.43
4.6932034,6.23
4.711335,6.07
4.676838,6.27
4.658989,5.79
4.663344,5.91
4.656437,6.43
4.640205,6.14
4.61218,5.53
4.711434,5.48
4.6700077,5.47
4.6404705,5.9
4.7547164,6.42
4.7399917,6.34
4.7266717,6.16
4.7066364,5.81
4.698625,5.69
4.598443,6.1
4.667009,5.92
4.6944184,5.83
4.590303,5.51
4.628925,5.97
4.701494,5.9
4.617084,6.12
4.711201,5.52
4.7082925,6.22
4.7235003,6.06
4.6682267,6.25
4.701586,5.55
4.717791,5.52
4.644501,6.38
4.6729684,5.94
4.7042108,6.04
4.6161838,6.03
4.677332,5.88
4.6236687,5.99
4.6191792,6.45
4.664428,5.86
4.6007867,6.04
4.66343,6.05
4.6714797,5.94
4.713961,5.3
4.7393765,6.14
4.703111,5.57
4.6416373,6.59
4.6801662,5.9
4.6057415,5.93
4.710731,6.47
4.6380982,6.51
4.7278295,6.51
4.69884,5.52
4.663652,5.81
4.656953,6.03
4.6674314,5.51
4.689648,6.17
4.637029,5.93
4.5818477,5.45
4.598593,6.12
4.766623,6.37
4.690896,5.51
4.5833335,5.83
4.761242,5.77
4.6189184,6.35
4.7347436,5.94
4.631062,6.05
4.5744224,6.26
4.608457,6.06
4.7543836,5.99
4.6372495,5.37
4.683489,6.02
4.733189,6.15
4.742315,5.69
4.669082,6.05
4.7872853,6.06
4.65857,6.12
4.682012,5.82
4.6203284,6.63
4.7073264,5.72
4.604292,5.41
4.622195,5.45
4.6793337,5.69
4.659103,6.35
4.654267,5.81
4.766875,5.88
4.7031713,5.77
4.651184,6.03
4.6704516,5.47
4.6707487,5.7
4.668452,5.54
4.671511,5.72
4.6136155,6.52
4.721104,6.17
4.699781,5.76
4.645827,6.06
4.675181,5.95
4.603214,6.17
4.68516,5.94
4.628886,5.96
4.713268,6.02
4.7158628,6.0
4.613447,5.77
4.663193,5.57
4.6987453,5.85
4.703041,5.92
4.693919,5.38
4.6573324,5.99
4.6305537,6.25
4.7248516,5.43
4.6638083,5.97
4.6777043,5.99
4.6268697,5.78
4.6313357,6.0
4.7172217,5.84
4.7544045,6.04
4.5972047,5.36
4.7308974,6.0
4.687176,6.49
4.66556,6.17
4.6542335,6.2
4.6798835,5.83
4.6207967,5.27
4.6881104,6.26
4.5789976,5.89
4.643055,6.32
4.6732154,6.14
4.7011023,5.95
4.6805534,5.87
4.5712147,5.95
4.6986794,5.81
4.647854,5.79
4.676846,5.94
4.6841125,6.51
4.5431337,6.06
4.6961656,6.15
4.630034,5.41
4.7030325,6.57
4.613707,5.73
4.583766,6.11
4.663402,5.75
4.7404275,6.46
4.6627874,6.33
4.657186,6.03
4.708087,5.94
4.7644105,5.84
4.747007,6.01
4.755483,5.87
4.7143874,5.52
4.6526628,6.43
4.624539,5.78
4.678686,6.55
4.6695414,6.2
4.726618,6.02
4.6186576,5.5
4.6061864,5.84
4.7119203,6.13
4.6384044,6.01
4.7018514,5.69
4.6246085,6.7
4.7651362,5.73
4.7028027,6.06
4.697513,6.01
4.6844316,5.99
4.662443,5.97
4.652755,5.99
4.686315,5.89
4.6373687,5.69
4.6011004,5.94
4.6884212,5.74
4.7262692,5.91
4.714809,6.51
4.708664,5.67
4.7351766,5.66
4.7132764,6.01
4.6249766,5.19
4.6256075,6.13
4.7397575,5.93
4.5994687,6.1
4.725816,6.05
4.720296,5.76
4.7594113,6.23
4.671727,5.94
4.643028,6.13
4.64002,5.99
4.763107,5.86
4.652571,6.06
4.6694674,5.69
4.7757187,5.97
4.669892,5.93
4.6914206,6.12
4.610899,5.82
4.6218486,6.03
4.6380343,5.38
4.661008,5.87
4.691508,5.88
4.6507277,6.53
4.6645474,6.17
4.6626472,5.88
4.6904182,5.73
4.5821714,6.18
4.6124434,5.57
4.6571574,5.75
4.680593,5.79
4.6409254,5.32
4.6578283,6.32
4.7510753,6.15
4.654963,5.62
4.694376,5.9
4.6787734,5.64
4.692071,5.87
4.671246,5.72
4.653407,5.74
4.598185,5.72
4.6821704,5.92
4.7382674,6.16
4.7014985,5.53
4.696321,6.23
4.6499496,6.01
4.662793,5.88
4.5892873,6.45
4.6384835,5.94
4.640696,5.85
4.6485095,5.73
4.5766315,5.77
4.6319857,5.42
4.720011,5.6
4.6687384,6.0
4.66844,6.54
4.685104,6.04
4.6517735,5.7
4.6345534,5.88
4.68986,5.51
4.6422696,5.48
4.6889043,6.14
4.687792,5.99
4.668292,6.13
4.6960526,6.11
4.6836953,5.85
4.671839,6.47
4.5745945,5.77
4.644435,5.75
4.6707263,6.01
4.564815,5.63
4.649561,6.02
4.577529,6.04
4.573737,6.68
4.6552067,6.04
4.584809,5.69
4.684044,5.86
4.6841016,6.21
4.707728,6.3
4.693986,5.82
4.6734595,6.09
4.614897,5.94
4.703575,6.63
4.6965084,5.78
4.6414766,5.95
4.6608067,5.79
4.585384,5.87
4.688316,5.77
4.693049,6.08
4.70726,6.68
4.6170063,5.5
4.6604385,5.59
4.6809545,5.8
4.6507883,5.73
4.7288127,5.81
4.7158103,6.0
4.722926,5.99
4.6910806,5.97
4.5857153,5.97
4.662602,6.25
4.6797996,5.71
4.5463347,6.05
4.669248,6.18
4.6444607,6.21
4.710166,6.02
4.668738,5.83
4.647411,5.73
4.628638,5.95
4.7356095,5.44
4.707941,5.79
4.554128,5.99
4.5895624,6.23
4.647676,5.99
4.687492,5.3
4.712628,6.07
4.7108874,5.67
4.713762,5.91
4.715742,5.6
4.6293983,6.55
4.690953,5.78
4.7567887,6.09
4.661442,5.36
4.699157,6.26
4.6752024,6.29
4.634897,6.05
4.61753,5.99
4.698737,6.37
4.6801095,5.82
4.7657475,5.65
4.5827575,5.44
4.68031,5.73
4.711201,5.68
4.601833,5.9
4.664507,6.3
4.582407,6.18
4.58738,6.21
4.6619363,6.02
4.629015,6.16
4.7294683,5.52
4.733673,5.9
4.742525,6.3
4.6571217,5.87
4.57679,6.12
4.6937327,5.86
4.633991,6.61
4.637599,6.23
4.7215514,6.14
4.627459,6.03
4.6536374,5.51
4.673274,5.84
4.619766,6.05
4.6608567,6.0
4.719683,5.72
4.6721582,5.99
4.627121,5.77
4.5470443,5.83
4.669353,5.79
4.628165,5.64
4.604248,5.82
4.6965823,5.94
4.732951,5.62
4.649044,5.78
4.629584,5.7
4.774294,6.5
4.6599874,5.85
4.6877403,5.51
4.6727448,5.58
4.592202,6.46
4.724868,5.85
4.6915593,5.94
4.6366544,6.15
4.6666017,6.67
4.6294465,5.95
4.571791,6.12
4.696153,5.78
4.6462474,5.86
4.664809,5.88
4.6200223,6.01
4.6758842,5.98
4.643959,5.91
4.67613,6.19
4.7086954,6.16
4.68218,5.58
4.628315,5.68
4.63699,6.72
4.63407,5.31
4.6701145,6.1
4.7154636,5.83
4.6180606,5.92
4.6692724,6.08
4.6438966,6.02
4.703196,5.91
4.6099515,6.02
4.6283865,5.65
4.709624,6.65
4.611918,6.14
4.7239347,6.08
4.630572,5.38
4.676849,5.95
4.645884,6.05
4.624388,6.24
4.6958485,6.49
4.6194186,5.71
4.7063193,5.74
4.711748,5.84
4.640098,5.88
4.6574187,6.06
4.628426,6.36
4.6640615,5.5
4.6784205,5.77
4.723349,5.44
4.658468,5.86
4.7060695,5.88
4.6763787,5.74
4.6585274,6.43
4.6915326,5.53
4.7266107,6.03
4.722211,5.92
4.5938945,5.9
4.667414,6.51
4.718436,5.96
4.7005424,5.92
4.610246,5.61
4.6632695,5.38
4.6794605,6.01
4.6772594,5.36
4.5670934,5.55
4.6598687,5.91
4.6010447,5.91
4.7171044,6.38
4.675814,5.76
4.5800414,5.69
4.6598654,6.14
4.565454,5.47
4.5845194,5.57
4.6640835,6.33
4.610019,6.21
4.766155,6.61
4.5889688,5.99
4.6788983,6.07
4.7659826,6.23
4.666245,6.34
4.6764994,5.75
4.625921,6.41
4.6152864,5.58
4.7157416,5.52
4.6724763,6.36
4.564731,5.95
4.7137136,6.38
4.664715,6.33
4.658802,6.47
4.618745,5.93
4.638522,5.55
4.578319,5.66
4.5788345,6.02
4.605036,6.0
4.602843,5.78
4.626732,6.02
4.6159296,5.9
4.6449056,5.51
4.631478,6.0
4.790194,5.97
4.738655,6.01
4.806277,5.85
4.646589,6.16
4.618828,5.58
4.597978,6.56
4.6561513,5.78
4.581164,6.01
4.698316,5.89
4.69127,5.32
4.6631813,5.89
4.622825,5.79
4.6301937,5.9
4.673311,5.72
4.6241693,5.77
4.714163,5.52
4.571969,6.01
4.619577,5.93
4.744446,5.97
4.660501,5.76
4.662614,6.03
4.770307,5.97
4.689389,5.9
4.6568527,5.72
4.6055865,5.54
4.695725,5.43
4.7076683,5.67
4.670215,5.71
4.667576,6.17
4.680286,5.58
4.5846686,6.06
4.714351,6.38
4.632342,6.24
4.6242414,5.98
4.638557,5.62
4.6671796,5.9
4.6684003,6.0
4.6322517,5.85
4.6495357,5.99
4.65331,6.05
4.6904826,6.06
4.7098174,6.37
4.617899,5.98
4.710828,5.89
4.6957517,6.03
4.706785,5.92
4.673188,6.13
4.657507,6.4
4.5527606,5.71
4.7420683,5.99
4.653643,6.05
4.698727,6.04
4.6818237,6.53
4.7036557,6.04
4.733522,5.67
4.7072363,5.96
4.757164,5.91
4.662964,5.93
4.70223,6.53
4.63275,5.8
4.7135696,5.87
4.7169075,5.76
4.623295,5.93
4.6424785,5.51
4.7150035,6.1
4.6710744,5.83
4.715839,6.32
4.729696,5.98
4.655633,6.14
4.673866,5.8
4.709644,5.65
4.6417003,5.78
4.717381,6.23
4.6959014,6.13
4.5486565,6.0
4.7905126,5.68
4.5770493,5.77
4.6573997,6.1
4.6470504,5.47
4.5716667,5.58
4.6385508,5.88
4.6559324,6.13
4.737787,6.13
4.6180334,5.6
4.667274,6.41
4.6039386,6.31
4.6019154,6.26
4.631755,5.89
4.575928,5.91
4.718495,6.02
4.6575665,5.46
4.6034737,6.18
4.629505,5.85
4.642138,5.37
4.698621,6.4
4.7019343,5.72
4.709969,6.1
4.6276665,5.54
4.72862,6.02
4.68222,6.42
4.6379666,5.72
4.65932,6.15
4.721417,6.31
4.6946807,6.38
4.5395837,6.22
4.693391,6.09
4.7218175,6.04
4.6313915,5.93
4.74085,6.3
4.644087,5.47
4.666903,5.56
4.7509937,5.47
4.6874084,6.17
4.6703787,6.3
4.6519895,5.93
4.602898,5.85
4.6579366,6.03
4.7601066,5.92
4.6539445,6.01
4.607552,6.23
4.669732,5.84
4.650046,5.81
4.6941743,5.85
4.64142,6.07
4.645632,6.01
4.721086,5.94
4.6349015,5.64
4.596419,6.33
4.6443877,5.96
4.6202197,6.5
4.656659,5.84
4.7061057,5.82
4.7389627,6.04
4.627282,5.96
4.5718784,5.74
4.590588,5.67
4.658939,5.69
4.688521,5.98
4.6001983,5.8
4.7118483,6.14
4.7284627,5.86
4.5943356,6.05
4.722286,5.79
4.6953588,6.14
4.6982036,6.16
4.6631017,5.93
4.6166472,6.09
4.6858935,5.97
4.6304216,6.02
4.669821,5.9
4.7255993,6.48
4.5607586,5.91
4.6118913,5.89
4.688576,5.84
4.782909,5.5
4.635035,6.02
4.5934796,5.93
4.667363,5.76
4.708487,6.04
4.664567,6.17
4.6577125,6.01
4.6344,6.5
4.643786,6.12
4.660191,6.06
4.6251864,5.86
4.6494174,6.08
4.6952386,5.77
4.6159315,5.89
4.63651,5.85
4.6013265,5.88
4.697915,6.23
4.630625,6.1
4.7570615,5.97
4.6949577,6.03
4.6605916,6.14
4.6736465,6.05
4.699533,6.31
4.7123184,5.95
4.6349616,5.92
4.609662,6.35
4.719951,6.03
4.6525226,6.03
4.682785,6.45
4.6329193,5.9
4.7557263,6.23
4.59524,6.13
4.6837907,5.89
4.6790605,6.08
4.7743406,5.64
4.6719184,5.99
4.621524,6.09
4.649176,5.79
4.5622907,6.35
4.5776606,6.0
4.7198253,6.1
4.715147,6.44
4.7522445,5.7
4.7047915,5.95
4.6963153,5.69
4.7070174,5.48
4.667283,5.91
4.668443,5.95
4.64012,5.6
4.633857,6.27
4.690941,6.04
4.6290984,5.57
4.6097746,6.0
4.6303673,5.83
4.570159,6.35
4.557731,5.88
4.668759,5.87
4.7388573,5.69
4.768088,6.06
4.6087766,5.95
4.631274,6.09
4.7698164,6.04
4.6481166,5.38
4.74448,6.07
4.7276745,6.4
4.688099,6.21
4.664388,5.28
4.7154617,5.86
4.6306815,5.8
4.72852,6.1
4.6791244,6.45
4.6595483,5.82
4.6476064,6.13
4.6164813,5.92
4.721305,5.94
4.6300864,6.17
4.6726646,5.98
4.650782,6.15
4.680864,6.15
4.6212983,5.36
4.660102,6.68
4.6260977,5.55
4.707599,5.97
4.668151,5.69
4.577151,6.41
4.713069,6.54
4.6582313,5.85
4.6161456,5.8
4.5652924,5.88
4.658266,6.54
4.70392,6.03
4.723748,5.73
4.604689,5.76
4.6886134,5.49
4.593857,5.95
4.6314387,6.08
4.585295,5.93
4.588134,5.5
4.618632,5.98
4.555653,5.98
4.6204023,6.42
4.6317844,5.84
4.586908,6.5
4.679741,5.71
4.681928,6.05
4.699112,5.72
4.629759,5.49
4.660048,5.89
4.7260203,6.38
4.6949177,6.6
4.6195374,6.16
4.576561,5.93
4.6798635,5.81
4.794676,5.93
4.6964545,5.88
4.6350036,6.35
4.5878944,5.77
4.629163,6.01
4.6722536,6.24
4.639712,6.1
4.5926433,5.91
4.6693163,5.48
4.587247,5.53
4.698972,5.9
4.6366963,6.16
4.6364284,6.13
4.6786532,6.04
4.6957684,5.91
4.700443,6.02
4.6792502,6.21
4.664105,6.45
4.6591105,6.14
4.745562,5.65
4.6243095,5.99
4.7019773,6.26
4.633056,6.46
4.7353787,6.1
4.6865196,6.19
4.6473002,5.77
4.6368356,5.34
4.65683,6.1
4.697098,5.71
4.744328,5.71
4.660636,5.98
4.6267276,6.05
4.689838,5.99
4.6530657,5.54
4.5731683,5.97
4.621466,5.86
4.605584,6.0
4.5642695,5.69
4.6464086,5.69
4.6291275,6.18
4.7011375,6.68
4.643319,5.85
4.6421943,6.37
4.617782,6.02
4.73024,6.01
4.6220293,6.25
4.6264663,5.47
4.7327805,6.59
4.645137,6.15
4.715466,6.02
4.7121367,6.15
4.7165704,5.62
4.6724153,5.68
4.6594296,5.63
4.639526,6.51
4.670435,5.82
4.7026625,5.38
4.634231,5.99
4.676914,6.11
4.7005477,6.14
4.748657,6.54
4.6819854,5.53
4.751325,6.25
4.572922,6.18
4.6073046,6.38
4.725073,5.57
4.6603584,5.87
4.67082,5.89
4.6544213,5.69
4.67078,6.26
4.5866227,5.85
4.6955476,5.53
4.653406,5.44
4.736186,5.81
4.612685,5.85
4.6929145,5.83
4.577997,5.63
4.6056423,6.11
4.5937753,5.75
4.6407995,5.51
4.6133,5.36
4.612748,5.61
4.6343775,6.11
4.5249915,5.58
4.6657834,5.93
4.6021357,5.96
4.7170053,5.91
4.685321,5.99
4.643831,6.12
4.6178894,5.77
4.727753,6.1
4.647786,6.37
4.625248,5.7
4.6263986,5.79
4.624349,6.34
4.7207623,5.82
4.683512,5.5
4.6548114,5.94
4.5870337,5.7
4.7198772,5.84
4.646423,6.44
4.7686887,5.87
4.5873494,5.94
4.5893025,6.52
4.656119,6.15
4.6428046,6.33
4.5842957,6.36
4.7569385,6.02
4.710909,5.88
4.607813,5.74
4.711304,6.4
4.6828375,5.77
4.6478915,5.14
4.6661496,5.93
4.7437625,5.54
4.624932,6.12
4.684038,5.16
4.605696,6.57
4.57566,6.05
4.629704,6.29
4.7005143,5.38
4.6416764,6.33
4.6506367,6.39
4.668822,6.56
4.678044,6.2
4.632184,5.85
4.636872,6.46
4.5987334,5.48
4.724453,6.16
4.709576,5.85
4.6832547,5.8
4.608803,6.58
4.6668763,5.82
4.6875796,5.88
4.71549,5.52
4.674572,6.28
4.6371474,6.09
4.711189,6.14
4.5889187,6.01
4.749871,5.91
4.505654,6.23
4.586415,6.01
4.7345877,5.78
4.6961308,6.23
4.6880975,6.07
4.7056365,5.86
4.6749554,5.7
4.7052326,5.76
4.659157,5.78
4.714151,6.03
4.7388077,5.9
4.6573844,5.98
4.6119666,6.23
4.7023387,6.01
4.6712594,6.34
4.716123,6.25
4.6019473,6.12
4.656324,6.04
4.6625724,6.18
4.6659093,6.22
4.7535806,6.18
4.69275,6.59
4.5632167,5.41
4.5829663,5.94
4.6314597,5.9
4.649725,5.81
4.566177,5.96
4.736478,5.75
4.7576046,5.86
4.7198796,6.45
4.6710973,6.67
4.703133,6.28
4.596784,5.67
4.636296,5.96
4.657396,5.52
4.6125226,5.5
4.5895014,5.99
4.750649,5.42
4.6398573,6.04
4.6848536,6.11
4.754107,5.85
4.6442575,6.58
4.7038665,5.85
4.5836573,5.91
4.736344,6.09
4.695134,5.93
4.74856,6.1
4.7177863,6.26
4.635548,5.77
4.630197,5.97
4.589068,6.23
4.6572795,6.22
4.647856,6.37
4.626331,6.02
4.6709843,6.12
4.788285,5.37
4.705679,5.8
4.638199,5.78
4.659609,6.24
4.629024,5.77
4.685864,6.37
4.6968803,6.18
4.5931735,6.17
4.7111773,6.63
4.6836743,6.25
4.6635227,5.82
4.6359415,6.16
4.63752,6.53
4.758443,5.69
4.5873146,6.03
4.733157,5.94
4.7206674,6.11
4.7393074,6.16
4.619423,6.25
4.65698,5.41
4.7416325,6.18
4.596067,6.0
4.7240906,5.97
4.7376246,5.81
4.6666183,5.97
4.7341394,5.98
4.6977944,6.47
4.657317,6.16
4.681804,6.32
4.6527004,5.43
4.6403923,6.12
4.728093,5.99
4.673354,5.74
4.699737,6.66
4.6604557,5.93
4.6698785,6.14
4.6087375,5.87
4.5642185,5.44
4.5989413,5.98
4.600632,5.78
4.6477933,5.98
4.6198134,5.52
4.5785346,5.97
4.6740413,5.71
4.569512,6.08
4.659769,6.04
4.631288,5.62
4.6750374,5.36
4.747929,6.02
4.744242,6.17
4.66987,5.82
4.631334,5.86
4.6871786,5.91
4.6192575,6.4
4.6826463,5.79
4.646913,5.78
4.64472,5.69
4.6474295,5.81
4.7259603,6.35
4.7314596,5.85
4.5692444,5.9
4.6547475,5.93
4.698005,5.79
4.729383,5.71
4.673453,5.93
4.587786,6.13
4.674148,5.83
4.712399,5.66
4.6496263,5.57
4.634548,6.11
4.6448855,6.43
4.740843,5.44
4.6703215,5.84
4.7048435,6.32
4.6616282,6.23
4.6754193,6.14
4.634127,5.53
4.7146688,5.78
4.642475,5.7
4.689528,5.45
4.6613975,5.52
4.5884757,6.39
4.6156344,5.97
4.726362,6.13
4.6740565,5.94
4.601062,6.22
4.655465,5.99
4.7365727,5.73
4.7208557,5.14
4.732254,5.9
4.7538238,5.96
4.6030774,5.7
4.690022,5.92
4.700055,6.42
4.656746,6.68
4.6833205,6.62
4.6422234,5.99
4.6238403,5.92
4.7162347,5.36
4.559792,6.31
4.6198,5.93
4.5990167,5.97
4.6154065,5.85
4.6900473,5.76
4.6416206,5.81
4.6714516,5.8
4.612613,6.07
4.677035,6.02
4.6959643,6.0
4.7025447,5.87
4.6017947,6.37
4.652475,6.0
4.6701965,5.73
4.648453,5.91
4.6763225,5.7
4.7845664,6.09
4.7688665,6.11
4.6067414,6.2
4.726432,5.64
4.672873,5.7
4.7007556,5.45
4.7165217,6.15
4.6741967,6.11
4.6727815,6.37
4.7064996,5.88
4.62597,6.31
4.725392,6.08
4.648035,5.93
4.6302714,5.94
4.6521297,6.29
4.7034593,6.1
4.6478853,5.78
4.7122617,6.5
4.6792984,5.51
4.6576314,5.7
4.614384,5.98
4.6201425,6.17
4.68513,6.1
4.661402,6.23
4.7421985,6.39
4.686214,6.08
4.5874934,6.02
4.6375937,5.8
4.674793,6.41
4.733089,5.65
4.6699214,6.29
4.6368403,6.02
4.6208377,6.0
4.6049533,6.15
4.644898,6.35
4.7096252,6.17
4.8125167,5.85
4.678229,5.91
4.7264333,6.03
4.604746,5.77
4.6016035,5.97
4.681194,5.69
4.6359963,5.85
4.7067676,6.58
4.5743804,5.56
4.669067,6.09
4.6370487,5.19
4.5956616,6.11
4.630829,6.26
4.6615386,5.78
4.716596,6.01
4.63176,5.37
4.680755,6.31
4.5968814,5.85
4.665122,5.94
4.6663423,6.18
4.636922,6.35
4.6505737,5.82
4.620627,6.42
4.639387,5.45
4.723414,5.96
4.740382,6.02
4.6912093,6.51
4.639321,5.57
4.6212096,6.1
4.6890855,6.45
4.577329,6.67
4.6797457,6.1
4.653045,5.97
4.6414666,6.35
4.6478143,6.06
4.6623845,5.79
4.67085,5.85
4.641839,5.7
4.670932,6.1
4.663027,5.69
4.6300797,5.44
4.6902556,5.49
4.694039,6.3
4.736253,5.86
4.6080003,5.99
4.5566573,6.01
4.589935,6.05
4.679811,5.83
4.725295,6.19
4.752931,5.86
4.695045,6.01
4.583179,5.77
4.6795735,6.05
4.6475406,5.85
4.6224303,5.47
4.5539427,6.09
4.714423,5.9
4.689485,6.06
4.661853,6.15
4.6669083,5.7
4.725611,5.89
4.670011,5.52
4.616716,6.01
4.725158,5.8
4.6104,5.89
4.6961823,5.15
4.573294,6.55
4.729641,5.62
4.6975675,6.07
4.732802,5.93
4.5947533,6.15
4.6434755,5.84
4.701469,6.19
4.743976,6.01
4.668013,6.58
4.7455134,5.9
4.7066693,6.18
4.6654835,6.04
4.700362,5.95
4.6713715,5.49
4.6648207,5.94
4.6011705,5.5
4.583468,5.69
4.6169,5.79
4.564705,5.37
4.604383,6.01
4.6616673,6.39
4.669523,6.08
4.638558,5.35
4.5167704,5.84
4.6500907,5.89
4.604502,5.99
4.7666736,5.86
4.639795,6.13
4.5744176,6.06
4.6888924,6.09
4.6818314,5.83
4.698537,5.84
4.589542,5.74
4.667815,5.63
4.6766014,6.53
4.656512,6.05
4.55332,6.48
4.783707,5.99
4.7206845,6.24
4.765163,5.44
4.7314982,6.18
4.6303606,5.98
4.6177526,6.08
4.6786695,5.68
4.710571,5.96
4.644466,5.72
4.732516,6.22
4.6898355,6.27
4.5948462,6.14
4.7123504,5.53
4.613761,5.79
4.731923,5.77
4.689274,6.42
4.638136,6.68
4.617959,5.82
4.758091,5.75
4.678804,6.13
4.6762757,6.62
4.6924753,6.24
4.692468,5.95
4.6966085,5.62
4.6755395,6.32
4.6259975,6.17
4.70341,5.59
4.644759,5.77
4.62085,5.7
4.670835,5.8
4.7112594,5.76
4.696938,5.89
4.6295557,5.91
4.614292,5.83
4.6608553,5.8
4.7084117,5.96
4.649374,5.95
4.616515,6.1
4.673573,6.68
4.651121,5.54
4.6234207,5.76
4.593563,6.06
4.603684,5.84
4.5980287,5.93
4.667376,5.58
4.6194367,5.77
4.647679,5.98
4.666597,5.99
4.6698766,5.97
4.694771,6.15
4.684693,5.86
4.6687255,6.03
4.687885,5.87
4.6845303,5.85
4.6383452,6.02
4.6575837,6.16
4.610763,5.95
4.6950126,6.02
4.692549,5.99
4.7012486,5.6
4.6386776,5.67
4.6454053,5.82
4.6586423,5.49
4.710978,6.42
4.6038384,6.3
4.700603,6.24
4.619678,5.86
4.596286,5.83
4.691135,6.22
4.6392217,5.65
4.6164107,6.58
4.6161256,5.42
4.6817164,5.5
4.5902047,6.04
4.686559,6.01
4.6143794,5.74
4.745972,6.29
4.7966695,5.88
4.7116065,5.77
4.610814,5.99
4.613398,5.93
4.656147,5.8
4.6394014,6.66
4.640453,5.99
4.711152,6.09
4.6528373,5.44
4.619406,5.82
4.682353,6.11
4.6307116,5.89
4.706788,6.18
4.6837716,5.81
4.6194735,6.02
4.680624,6.68
4.5596986,6.05
4.7009172,5.56
4.647418,5.89
4.6981883,5.97
4.626133,6.12
4.6979575,6.14
4.59878,6.05
4.653321,5.88
4.6187754,5.98
4.705161,5.93
4.7251825,6.44
4.665482,5.83
4.581613,6.11
4.659452,6.21
4.6472573,5.96
4.6511455,6.18
4.6707177,5.33
4.7522783,6.07
4.610123,6.31
4.5597773,6.25
4.6619344,5.67
4.6272974,5.99
4.6532025,6.11
4.618671,6.69
4.6089263,5.96
4.654175,6.33
4.6915555,5.17
4.614974,6.14
4.6017056,5.95
4.659693,6.46
4.686078,5.62
4.6538954,5.56
4.698776,6.28
4.629315,5.9
4.710669,5.64
4.7038484,6.24
4.6085668,6.2
4.7129974,6.01
4.608063,5.51
4.6907473,5.93
4.6925073,6.29
4.658644,6.0
4.66346,5.99
4.6120405,6.11
4.660017,5.79
4.7176566,6.1
4.7148824,5.97
4.581184,6.1
4.6596065,5.88
4.6161532,6.52
4.633713,5.97
4.5993104,5.7
4.719499,5.55
4.65346,6.02
4.627806,5.76
4.643516,6.02
4.6796355,6.3
4.6714635,5.58
4.670818,5.92
4.667319,6.17
4.597451,6.07
4.6873193,6.31
4.7084975,5.87
4.634961,5.96
4.683652,6.04
4.589911,5.93
4.616268,6.24
4.5383706,5.38
4.6278415,6.03
4.591803,6.26
4.7710342,5.95
4.634419,6.26
4.672199,6.05
4.692592,5.81
4.638126,5.49
4.63256,6.15
4.6765885,5.95
4.7040057,5.52
4.6474586,5.77
4.647096,6.19
4.643908,6.6
4.608906,6.0
4.7060046,5.44
4.5669246,6.1
4.710668,5.52
